<?xml version="1.0" encoding="UTF-8"?>

<bindings xmlns="http://java.sun.com/xml/ns/jaxws">
	<handler-chains xmlns="http://java.sun.com/xml/ns/javaee">
		<handler-chain>
			<handler>
				<handler-name>LoggingHandler</handler-name>
				<handler-class>org.contacts.soap.LoggingHandler</handler-class>
			</handler>
			<handler>
				<handler-name>ValidationHandler</handler-name>
				<handler-class>org.contacts.soap.ValidationHandler</handler-class>
			</handler>
		</handler-chain>
	</handler-chains>
</bindings>
